Site,PNK,date
S,24,21/10/2021
S,25,24/11/2021
S,26,22/12/2021
S,27,31/01/2022
S,28,22/02/2022
S,29,30/03/2022
S,30,11/05/2022
S,31,22/06/2022
S,32,03/08/2022
S,33,14/09/2022
S,34,26/10/2022
S,35,07/12/2022
S,36,18/01/2023
S,37,01/03/2023
S,38,12/04/2023
S,39,24/05/2023
S,40,05/07/2023
S,41,16/08/2023
S,42,27/09/2023
S,43,08/11/2023
S,44,20/12/2023
S,45,31/01/2024
S,46,13/03/2024
S,47,24/04/2024
H,151,12/04/2022
H,152,24/05/2022
H,153,05/07/2022
H,154,16/08/2022
H,155,27/09/2022
H,156,08/11/2022
H,157,20/12/2022
H,158,31/01/2023
H,159,14/03/2023
H,160,25/04/2023
H,161,06/06/2023
H,162,18/07/2023
H,163,29/08/2023
H,164,10/10/2023
H,165,21/11/2023
H,166,03/01/2024
H,167,13/02/2024
H,168,26/03/2024
,169,07/05/2024
S,1,30/10/2019
S,2,20/02/2020
S,3,17/03/2020
S,4,14/05/2020
S,5,13/05/2020
S,6,09/06/2020
S,7,07/07/2020
S,8,03/08/2020
S,9,01/09/2020
S,10,30/09/2020
S,11,28/10/2020
S,12,25/11/2020
S,13,21/12/2020
S,14,20/01/2021
S,15,17/02/2021
S,16,17/03/2021
S,17,14/04/2021
S,18,11/05/2021
S,19,09/06/2021
S,20,07/07/2021
S,21,04/08/2021
S,22,07/09/2021
S,23,30/09/2021
H,120,16/10/2019
H,121,13/11/2019
H,122,11/12/2019
H,123,08/01/2020
H,124,05/02/2020
H,125,04/03/2020
H,126,01/04/2020
H,127,28/04/2020
H,128,26/05/2020
H,129,26/06/2020
H,130,21/07/2020
H,131,19/08/2020
H,132,15/09/2020
H,133,13/10/2020
H,134,10/11/2020
H,135,08/12/2020
H,136,06/01/2021
H,137,02/02/2021
H,138,02/03/2021
H,139,30/03/2021
H,140,27/04/2021
H,141,26/05/2021
H,142,22/06/2021
H,143,12/07/2021
H,144,17/08/2021
H,145,14/09/2021
H,146,12/10/2021
H,147,09/11/2021
H,148,07/12/2021
H,149,18/01/2022
H,150,01/03/2022
